nonce,entropy,uniqueness,zero_density,pattern_score,is_valid
3681377296,3.6174847474416025,0.9012190429358997,0.03195134729301126,0.7934665298145376,1
3350367608,3.602040146011052,0.762342906020139,0.03447487229037685,0.7291947658288582,0
1041652464,3.6078893936888807,0.7938647615656335,0.062156793235290546,0.8436544089413198,1
1445764141,2.5157589785243952,0.8423497660143473,0.034713747887678295,0.8620475315161763,1
1811258589,2.717938617724813,0.9188303199797189,0.06044984410082482,0.8811199081584389,1
837676990,3.8690487341745725,0.8749988327509923,0.0652160111549024,0.818084628303942,1
3443044813,3.4378200060466892,0.7176677375900691,0.041486822733443326,0.6525596740896239,1
3716988068,3.239446693035754,0.8738086547382795,0.04661089736869756,0.6032848052017167,1
2292475796,3.5250825753035175,0.7742460027194831,0.047396396592097184,0.7906400104029866,1
4180698432,3.570119704729457,0.9054611309345758,0.03666984951611628,0.7509000448399146,1
3298295923,2.8432917772753177,0.8217867858544019,0.04239362189211275,0.6265549397511969,1
769114423,2.5421414518725296,0.83520835424494,0.0627996625771633,0.7011219640092871,0
1026776611,3.6278320821226986,0.8767422907252123,0.06130760953230844,0.8027710043569506,0
610452444,3.7565214526863873,0.866061580980773,0.06808270059003924,0.8821955139357447,1
1495315641,3.8659870557643012,0.7460689356667971,0.058828012157418744,0.7430950716819799,0
1184548149,3.4633230435693365,0.7260200680179927,0.048742509889296584,0.8403582548995955,1
3221655541,3.5404910767352265,0.7369642253669438,0.05867255286243184,0.6651486121376373,0
1740561663,3.2585452040748963,0.8225333467880304,0.06854156126467309,0.7007996727359764,1
422263594,3.043075841066022,0.8841729438039264,0.052287011733330474,0.8291934229284467,1
3829257393,3.240292892737748,0.8579491362606904,0.05966933020721501,0.8847882712272752,0
3094693781,3.965602346772124,0.7344834208309758,0.03384131888166578,0.7594898949096879,1
1583351536,3.7519717588075854,0.8954266512159716,0.0637020768767736,0.6167415481381224,0
3451953221,3.047902659751462,0.769210211531523,0.046388420520509344,0.704909287409215,0
570266786,2.6082321558773014,0.9265556395444421,0.05476153900894482,0.7407603104321747,0
2160051006,3.9091259988428977,0.7393671518649312,0.04123266018823165,0.7397516416714613,1
250698496,3.2788726936374966,0.8713416325252082,0.060980973322767015,0.6451866151254378,1
3892160108,3.176992445169384,0.781698072301606,0.06705086154926637,0.8398152692701502,0
1400599778,3.9961755498842404,0.7664150071089448,0.0379362966726324,0.8557445305876032,1
678117944,2.7177528874661623,0.8551020635936188,0.04133491224089464,0.7064929697049708,1
34386599,2.725542481505745,0.8930643701454091,0.0623531870988773,0.7423662155844015,1
1736339446,2.8586332237191163,0.9491538387324683,0.06781861405930206,0.7827888691821051,1
829761518,3.9438984115523965,0.7887614472916907,0.055590066008518305,0.8925584689962096,0
3896167747,2.549389650219564,0.8555341152229119,0.041210030177995474,0.7733646638951469,0
1063074546,3.400723475235857,0.8351809328002608,0.0464805510253673,0.8698941084045289,0
885573902,2.953073561580372,0.8378658269079344,0.056527681125070166,0.8729726216690888,0
429049349,2.8402241523493283,0.7531185989868676,0.059078655486952555,0.8955921370416848,1
677068916,2.6672725589207458,0.9335671499121017,0.06050653292870835,0.6868192456582147,0
3125038081,2.636447122929835,0.7060403193985398,0.032757716045402875,0.8500251031961861,1
4127452272,3.03158290545674,0.8543717150903929,0.05369087986283459,0.7678849172988744,1
3798258492,2.6580972757096077,0.7445803632567466,0.0475892777251746,0.6642835572346182,1
2753404604,2.874197438689815,0.7776997623821642,0.048383093075196726,0.8760595820969974,1
3141786761,2.9104644758520823,0.8469514570388457,0.05014633836749993,0.6311989803566629,1
1696167795,3.6739229309493044,0.7370239088286847,0.04697986063340279,0.8854444790808488,1
1932806386,2.581321967980995,0.9455626034191147,0.061437607681819564,0.8845705422973887,1
1945500800,3.5839261543201877,0.9442743297341132,0.04371323584041734,0.6224859940937144,1
3603427885,2.8140955061788935,0.852777497205008,0.06047999803285731,0.7689527950039443,0
1343157088,3.2390238628460954,0.7835561542431727,0.06875430738369245,0.6986159245339894,0
1270788094,3.9284705041522496,0.726459875844817,0.06762848027831098,0.8639417250621564,1
1443019643,2.9705614595713596,0.7758584500136221,0.043235697777406136,0.806210976805513,1
2728503654,2.9755362843108455,0.7028665468786255,0.05083860002974469,0.765885301434373,0
725578100,3.764883752915127,0.9144221822129497,0.03631715913521855,0.7011449479986137,1
1279576539,3.1072525347576616,0.8015530185585391,0.04212790913480631,0.818275120725465,1
983116617,3.7131672055857377,0.7114618524090153,0.061687219918190074,0.6706482522266836,0
1268660047,3.916103242279061,0.9084155445393771,0.039692531008176477,0.676564668653057,1
919650022,2.59315067481722,0.9135111664751048,0.03431340749051208,0.7015953078205721,1
1532430799,3.9220460155938643,0.8162810213589028,0.0349421234905025,0.6868805736625048,1
1116260943,3.893925739987857,0.8204458168952042,0.04419949346522618,0.8524410613508586,0
1891789174,2.948065694219919,0.7794229224079983,0.03597035294701066,0.7144978100256225,0
179008439,3.05251761283232,0.8972656183361707,0.03684157181054863,0.6991267941009243,0
157219772,3.2902102221541654,0.8591652703507702,0.05390988171176159,0.6478620575859648,1
1206719191,3.849223817683124,0.8186687051501306,0.06945234627290053,0.6778119471704701,0
3623290238,3.432641380652483,0.9296887342921201,0.051917320083966406,0.8921845007572341,0
1152156113,3.078728427178032,0.8473284632942074,0.04769039012403111,0.6274326218942673,0
3505534828,3.733064272409364,0.7382536240602046,0.043038397813977655,0.7278954839663246,0
3427819396,2.899014066599687,0.9203795879988323,0.056866744649762414,0.8188134260145618,0
1169042524,2.680159112243273,0.8491074100132084,0.06246870899227895,0.605182838179182,1
2958692144,2.5842158606992176,0.866041465478551,0.052225737717141965,0.6187739237826386,1
1618373829,3.454574728796244,0.7184109844285819,0.056429747381363256,0.8513909116142967,0
22809042,3.6612647278140864,0.8939230079997372,0.0496342968827157,0.8265193608233451,1
2470998024,3.3161208745526523,0.8663797203480579,0.059942871659131994,0.7230506805669672,1
354919733,2.9826447199660704,0.7625964937070593,0.03562478037945183,0.7345525831954142,1
2272474370,3.599063900196384,0.9458236917534214,0.06389351018883484,0.7411662120852558,1
1123456908,3.029980155834094,0.7371404879862029,0.057337415209573306,0.8986279802122242,0
1636610009,3.4560261180814216,0.7200082219005097,0.053633275992607705,0.8709868875747612,1
1066298757,2.9811091206822273,0.707335248544107,0.06741721603235863,0.600564251817647,0
2366391819,3.5290231768865823,0.9185208936700724,0.0586694962420143,0.8281123748164226,1
3969491356,2.8911742216532743,0.8382959742355724,0.03918046312315341,0.8835554494841862,1
3167917151,2.7067969196864228,0.7373748351406663,0.05135984899784185,0.6045471862315113,1
4265681677,2.951785535921256,0.8050666562925798,0.06582711688523372,0.7173662792813317,0
1814081576,3.4417019890427993,0.9427676539848304,0.04580554562629342,0.7381770621868278,1
195709041,3.8905629564765385,0.8049887626573627,0.0450761613402028,0.6834097593623812,1
1965722125,3.254275061984438,0.770048186468415,0.059011443259282204,0.8424077515457392,1
2478538971,3.475657702008776,0.7346008877558621,0.05150908502926088,0.600491185589522,1
1572682230,2.5060740533641055,0.7098408475434557,0.06048485696268034,0.6430021394520834,0
910276548,3.2130176673807087,0.775617486269436,0.04818700734097377,0.6540563536083842,0
660874255,2.7102189741465583,0.7063018296083958,0.06167257953660423,0.8607955124043521,0
3733333862,3.1253577434383013,0.8413429999690928,0.06873703715658105,0.6668179540073869,0
650521896,2.7134225409625334,0.7848693549303165,0.05997289164577192,0.8682767886360625,0
1294586500,3.171003107646642,0.7470940579655279,0.04855813726314716,0.811286872197152,0
1046466308,3.885473792864674,0.8129398957614205,0.03454504402772105,0.7818316475200133,0
1944205090,2.789894700049825,0.7473213811559849,0.035181152136353505,0.8730324969501104,0
556682584,3.8091773278565433,0.7195707132296836,0.05940944716747128,0.6133289049679094,0
4118043923,2.9445117450592506,0.7761714189668294,0.031670477190484506,0.6975776415553009,0
1381354961,3.2899555782435272,0.7109594880351525,0.06665034359332936,0.7729549708164111,1
2379588896,3.119113021249156,0.8707135621596709,0.032279101730454715,0.8374558715968212,1
4255096079,3.6789573787467686,0.9485133986778159,0.058955412623781345,0.6103606453854425,0
3261446146,3.701782852989173,0.838312237834621,0.04100958574150518,0.7815829595460856,1
3387782412,3.47606486508352,0.8052242581272417,0.03963082549297536,0.8781499793134508,1
3892177488,2.8810918399179215,0.731766432124472,0.06199864684884691,0.6565860238090853,1
2988694550,3.1990002042261523,0.8781631113398909,0.04006642990337668,0.7754998104442604,1
3556094987,3.31667103868782,0.8296812162658358,0.046415617730974953,0.7609785657813367,1
1554058653,3.002377505436596,0.7586492465255928,0.06787489471610147,0.867280565005649,1
2991026128,3.926415341043339,0.8985712947065418,0.06280527198630913,0.8033426207691563,1
2887498896,3.9537087987833646,0.8804894034617141,0.05118673400197768,0.6392646007537907,0
4063830994,3.914380856077811,0.9368324085513403,0.0420374364402843,0.7181163617275692,1
3648783741,3.365218925988837,0.7312174068922738,0.05154925082436628,0.7488098362686751,0
851508616,3.0906553834865194,0.7582513949577764,0.040705141530734984,0.7395634427039766,1
3736467593,3.074342110025005,0.8579742996280577,0.06991484469163126,0.6454324339352681,0
2081309256,3.043571678900391,0.8648988042345045,0.0319221176403577,0.8739268776399713,1
3858499283,2.9189455095745207,0.7877805171677579,0.06918846671320691,0.787327605191612,0
2440084724,3.827114422914634,0.9004837830444306,0.05478431709338342,0.845454754315272,0
2616156424,3.670617181210858,0.8916947395549738,0.031004680496972033,0.7228659210553963,1
3103066942,3.4907884973749352,0.8961913664763448,0.04257490552303406,0.8433707418390928,1
2374427925,3.9762371658743008,0.7380943452731114,0.062280149510899246,0.8575195431887934,1
491731945,3.9498045652561293,0.7091397832137943,0.04421846868397601,0.6106479418007174,0
3517564131,3.9909160702230757,0.7388255399517915,0.06914549635653897,0.8475551730547417,0
2289019486,3.2696435027516877,0.8740770692013642,0.05376460316416086,0.8478629330415732,0
2995669828,3.1658127065482797,0.8824067904257833,0.04271826105184591,0.8267851396729669,0
1724682164,3.8407326620913107,0.7484399745637755,0.04814325004765921,0.8212141592990154,0
781083573,3.5421106939522224,0.8179577960536499,0.033979248814416586,0.8202568668310761,1
3670598678,3.0861821311535973,0.7451390293831052,0.03693706859065228,0.8274524659567322,1
3492310228,3.565714446577056,0.7906912910373384,0.03710556480979291,0.7501389365396076,1
3647280347,3.760470812322449,0.8753861551809956,0.031191828443501293,0.6346761044743865,1
2349821916,3.273282232379419,0.7057764712259391,0.03605750577885675,0.7762046848408876,0
3422076783,3.438016345634036,0.9065987755840019,0.06846031307311368,0.6794525373118024,0
2201938671,2.5573498825272463,0.7589042223877869,0.05328783860817771,0.6731721615849005,1
3408078804,3.052871043255257,0.9243890250150898,0.06547281513759426,0.6990230826814083,1
1062512976,3.1657956341328823,0.8759283228348254,0.04902643693902202,0.8590965607883263,0
2055284320,2.732193088051965,0.8691597152345413,0.03267092609583716,0.8925241363082475,0
2487276512,2.6536318873865268,0.7025552710131798,0.05575327343650374,0.7389393188385217,0
973721293,3.0821390353793743,0.7461305993807771,0.05391702679465224,0.6761878235540292,0
384056175,3.246427221112098,0.8893333903068211,0.03263770853865156,0.8623758180304475,0
2570970361,3.3284878357421723,0.7875821293001449,0.04389121065981991,0.6704257176455788,1
1816612790,3.9056100379104763,0.7290676745040269,0.059770546948460325,0.838649109082511,0
3191644900,3.6529088169707276,0.7548193776898833,0.03884892235079057,0.7099748703146305,0
3276270622,2.802314560913502,0.7234212272778751,0.06685588110740964,0.7751338955081226,0
3205422833,2.8930102533772932,0.7841358079221655,0.05591820687402457,0.6238251063866957,0
1076159840,3.0721115776937986,0.9086132602810092,0.03471094494356877,0.6616152879109936,1
1777913148,2.9292303143503187,0.9478397555568351,0.06573534982644275,0.7280540054260776,0
3035347831,3.7458157087223136,0.8552765050538533,0.04746309629026581,0.6062584876596899,0
172257322,2.77941278072495,0.8308610386701172,0.06315162023916357,0.6319690464144503,0
1134047005,3.624266050557446,0.8093028576682941,0.045961383050561674,0.6640976719433137,1
744999102,2.621368807169089,0.7618623058629388,0.0343552774869943,0.6188684327632595,1
1309582202,3.558065589066019,0.9306230896387104,0.039410764546787075,0.7649864794930246,0
4195061926,3.4636909984092865,0.7135619289562395,0.03435749428163405,0.6865437889082321,1
3198029215,2.7757197691436097,0.7335235113192016,0.04024668495459119,0.6342839131072548,1
2590187951,2.579230020399874,0.7984551399118183,0.047255021671213204,0.7473563270979152,1
4212985799,3.4456218591596772,0.7732900158754197,0.041240613396950926,0.7358435340147498,1
2220585845,2.975332889338928,0.8702309626952478,0.035300187526275686,0.6683561256768196,0
2056399554,2.8340724062070337,0.7536557287168676,0.05504235947523998,0.8611829862376328,0
3547405324,3.4184102878636393,0.8373281186516812,0.03786230565649061,0.6559422772227574,1
3609307670,2.894636200222057,0.7623202432678359,0.05946092960905485,0.8752868607805637,1
3090616360,3.5921650757414767,0.7013586527897993,0.03411404925286472,0.6247413496892921,1
1491980059,2.8217879722192043,0.9495555068175031,0.037233683079520116,0.869004097516911,1
1664339520,3.3506439147642095,0.8432610820306037,0.03986234271784259,0.6563251152185235,1
3535881300,3.527425089139281,0.8581628269944518,0.04081581160140221,0.6260246989378041,1
4048747265,2.6043687685449886,0.7106385444322522,0.03777594951504095,0.6978910227659687,0
1706215052,3.6353429709846417,0.9388618029962913,0.04029998150785706,0.7941672257474993,1
3557916452,2.884762684893657,0.8319810798827016,0.030591387793369455,0.6801946160106461,1
1388128730,3.563222798490525,0.9204849318452537,0.06516622598893176,0.8052412232957943,1
4198097508,2.8982278808771387,0.9361646729966104,0.043793495317385474,0.833574078906363,0
3866481420,3.3337788043562555,0.9069141817311241,0.042297116681130204,0.7746183486319884,1
630302433,2.888797992736386,0.9485633235393152,0.04912856688649504,0.6597246920739561,0
2830629471,2.7106246121262956,0.9196169680371942,0.04049522157756158,0.734707870417342,0
1704210330,3.6171580734060598,0.85925783053978,0.055856180604314784,0.8583445903605182,0
2281502313,3.829097104368012,0.8528425429881604,0.056067271052305176,0.8825650386049627,1
3760161890,2.80288770750963,0.8748927620357807,0.06932780495966387,0.7520048828015824,0
1671530580,3.23046606425944,0.9242963875184012,0.052857021422802936,0.8918139285837632,0
2237704508,3.6736882982288956,0.8256974295971315,0.06956127081697812,0.7024545585286942,1
1652319876,3.6157671324611687,0.8508096773624511,0.04113949920924104,0.7818739151235365,1
3450439924,3.736324863841384,0.7049325941190888,0.0304593215291631,0.8914525840948335,0
598714822,2.570291081486201,0.9414025178755061,0.06918524567097546,0.6454871089451376,0
3188507896,2.564451841016936,0.8021018675803009,0.05307192873481707,0.8582627402600522,1
2874006560,3.813545815132784,0.864445758980763,0.052558046531478726,0.6290375376652912,0
4117142695,3.227349759368448,0.8390443352722786,0.03743395884957957,0.6394439058749223,1
2160295314,3.481366738525524,0.7751515243071987,0.039849062385741874,0.8788593909695224,0
1653158392,3.6226209763585744,0.7827046014500647,0.05179687133508709,0.644027623384671,0
1649757080,2.5448091426681616,0.7179806491642615,0.06434106732314489,0.629248728054954,0
122266758,3.2874313697476643,0.7317807333469759,0.03564745955649196,0.7427361768474499,0
148712858,3.1696208409507243,0.724773222876377,0.06734297675695677,0.8075666362948003,0
2390975900,3.365812141140255,0.7248575666204654,0.06976767766426448,0.7862680449765104,0
572657498,3.6122735169155122,0.7927357239492963,0.04567379732602026,0.6845882479598702,0
3001422750,3.233602622541736,0.8721780089423656,0.06106510867364859,0.8925977248670627,1
4070859461,2.6528716805544996,0.8430851592005641,0.04016454954853363,0.7616236523046176,0
210467058,3.753549580389003,0.7862546751585962,0.059521417219507246,0.6572437377682694,1
4159959703,2.729465224748725,0.8533808480664073,0.04740441742221459,0.6907386302419761,1
777423223,3.482358431713253,0.760991666485957,0.04141758859278465,0.8527694423499301,0
3102502410,3.28086684894934,0.813860751098542,0.061170463943366865,0.7946826083175187,0
332893991,2.520744718514907,0.811104549381449,0.03260156572656393,0.6421268952330254,1
3564575939,3.3249111978273627,0.7601588151464258,0.057258186061700966,0.8548403765890411,0
2636503288,2.5815372257668976,0.9328449635463926,0.046396546132953055,0.8701520136263639,1
780417,2.509877575676162,0.7955256259848974,0.05220815894661914,0.696393594754384,0
1758025130,3.49691949529882,0.8763113592305932,0.05620167811498919,0.787951139722987,1
919815091,2.766363241490636,0.7803963050729856,0.044044859372393934,0.6291398143720199,0
88568828,3.7550144471324014,0.7259767336666373,0.03503483399300399,0.6284757936834477,1
1363490188,2.9854054608340452,0.7018844063335979,0.04213202671243772,0.7865400632618422,0
3890004362,2.517918726175567,0.8774865835994097,0.053433915074558844,0.8842293722261202,1
325560079,3.0176004968430643,0.7360957638724219,0.06082077715350988,0.6987593446449788,1
4077045551,3.6630790651606295,0.9469355779780048,0.03429809833240325,0.7132050426449323,1
4185745311,3.5284160856079474,0.8523110326720547,0.042993356095407394,0.7230152488148455,0
447975418,2.6003684803150566,0.7578749015721634,0.03632734427272057,0.7361195267352525,0
2466207163,2.508506078433448,0.9059475094889736,0.045856410211653584,0.6786449395987338,1
1217944993,3.2121348245841417,0.9306950317914928,0.06429437839682323,0.7054633594966802,1
2185382584,3.550833951957301,0.7173804132901886,0.03650302653366116,0.6765294522241633,1
816074750,2.795846022621529,0.8907331524661856,0.061415281253850706,0.6737525282938568,1
4089157600,2.6419967136656535,0.7895574633247457,0.05880340663325778,0.766190049142698,0
1627730224,3.4853018479651072,0.784830868485071,0.04203349519451677,0.7167486719176964,1
1254830607,2.5211993739410277,0.9374558870528116,0.06049394120380332,0.7214174929649356,0
3268149214,3.8147879830794156,0.8100096280488386,0.06709342641757496,0.726595756366994,0
3694112020,3.4022121730974293,0.8255839996262544,0.04901051396066393,0.8022386315960632,0
532737041,2.952098351143029,0.7890255714556397,0.04317665298477119,0.8830587042340143,1
1108349118,3.8621583431434514,0.9385899198513661,0.04866157745277852,0.7943793602512447,0
585755665,3.9637268601719873,0.7368812751049183,0.03187359077211071,0.8773136260517744,1
1356162308,3.2106435075159125,0.9382586128877743,0.05370890912047309,0.8834061897843013,0
2821128284,3.148273099820168,0.7673605192579075,0.05373758797392128,0.7467023280554185,1
1201223404,2.773156580021626,0.7880940718237853,0.04675314837057239,0.7961969401013246,0
414949238,3.988725606897818,0.7178269462658315,0.04710038725950044,0.8288056078735152,0
2436157838,2.8167035675591134,0.865184501584683,0.0399730246257575,0.791052196558232,0
887860792,2.911537418028043,0.7904957873166623,0.05675468933674874,0.6944340802057044,0
2827571782,3.685428791400808,0.8851208199225595,0.06388039346799271,0.6300735874916158,0
1243797161,3.0515664702294463,0.9381762153359728,0.03562850732840965,0.7869110657962872,0
693621262,3.0182698325313,0.7006262232500446,0.04657921669269739,0.6012213742898018,0
2915359550,2.7852096817311454,0.8883014779315329,0.04608819570607174,0.8566707761036672,1
4160591438,3.8980267090600966,0.8173253151098973,0.03165771850232663,0.6427067594542712,0
1998383654,3.2452046045168625,0.8705019270429399,0.0311954932465553,0.789908365761234,1
2073103268,2.858240734879084,0.807298330739856,0.0554068962708599,0.6343960068946672,1
1177995873,3.160285402012203,0.9278677913188081,0.03540480916393884,0.7232458055762823,1
1453094205,3.3209544763881067,0.8479977850527876,0.0673911878802354,0.7827912815129949,0
3083057358,2.9761724445988156,0.8928973221503708,0.04428254801984626,0.6615965994134938,0
2244709789,3.7244853229216974,0.9388321144532075,0.0500256025273842,0.8035838991552039,0
2688675533,3.329809518239774,0.7227234643077869,0.03966322065070876,0.7644925368418226,1
2792468038,2.7884047572835335,0.8484585419249393,0.0626539908677006,0.8821209949177924,0
2046347284,3.2104421492890296,0.7463723647972056,0.032536768902173156,0.8808078483293046,1
3336501523,3.6669491344427105,0.8362341569496187,0.062042936811130864,0.8669881032963289,1
2772858401,3.268218678755432,0.7702032917324226,0.06031064067575646,0.8549134208182998,1
3979492317,3.83342420783271,0.824069863646716,0.03505374863717861,0.8242054495410218,0
3604548734,3.736528892217659,0.9249339835292841,0.05116326674818597,0.6329323065652731,0
2642581368,3.5022790454094523,0.7257458230269226,0.0433060646176012,0.6840684943250094,1
1083205954,3.8220834101602916,0.8221389555881549,0.035770409895159436,0.8982419205099368,1
2622138478,3.882458941718368,0.8023159365048476,0.04729344877843708,0.7693981494559549,1
896169022,2.8566773573438047,0.7974941985148438,0.03630343462658043,0.7699677205877283,1
4167301076,2.850990622074969,0.7723979051163166,0.04319322838352605,0.7465171390940746,1
1683938146,2.803551011456812,0.8134627329759695,0.050559737987236855,0.768910450211241,1
3653487813,3.2410971554340815,0.8822794570202112,0.06654484598418114,0.8850193480230646,1
3569020265,2.8397881056527217,0.8856407761153211,0.06459312485394303,0.8219831972336846,0
3159638592,2.6234568422477444,0.8014329102688985,0.044601475570609464,0.6069790804743737,0
265866581,3.0927413552638274,0.9033698553056843,0.030042938698208007,0.8103493173669685,1
4065747689,2.7296956599009574,0.7803467013467529,0.043966234036877244,0.7569199835202517,1
2198559578,2.8766149584902037,0.7967047018471272,0.03494516161668303,0.6890719632272974,1
115352385,3.590241311449506,0.8990024522895973,0.040328986984085415,0.7475958230413912,1
1116429747,2.9065161891929554,0.7027727661662595,0.05738008327725147,0.888225324887312,1
332093573,2.636905349840745,0.7220374923650825,0.06278858223831355,0.780085365213493,0
2976146929,2.805575721101917,0.8768337898764652,0.0416148005361566,0.8909578244348616,1
4081084200,2.8289953001906825,0.7015738451710496,0.04123633886172579,0.676261063042971,1
1040283178,3.5334069080592596,0.7195332089234159,0.0497495302082164,0.6316579368904991,1
2042877083,2.609036122423911,0.7449055583150102,0.05510798536960568,0.7158302636489755,0
109304932,2.8159455884268065,0.8645144496499424,0.05327396439749372,0.6020795902307946,1
1186517917,2.8746888518818836,0.8942594814269089,0.06131799907886747,0.8009283510297758,0
513366963,3.0271504138108383,0.9263594253937901,0.05406891798036895,0.8573689192738603,1
4228627088,3.0702786779598954,0.7618396544875791,0.035939679595361644,0.613790151820317,1
811291307,2.971510145219731,0.7439026884314941,0.06938002261127585,0.8514583142044558,0
2686762847,2.766987001763838,0.9019820049203668,0.06452437253084678,0.6017744261007479,0
1935609103,2.554734572741537,0.8698143723604796,0.05680486339950594,0.7752057724570491,0
1605574164,3.55269432832735,0.7917568356856532,0.031801681653355736,0.727742507969522,1
2874615340,3.329089797801621,0.7696278320359555,0.04264829115769914,0.797651880460518,1
4095442632,2.504690690523756,0.731740729482377,0.05530499841190364,0.7606560557260424,1
2032277747,2.617511387166771,0.7953947864260228,0.030974233184531706,0.7566267932217281,1
1734197462,3.5626836549756895,0.7580533419244072,0.03290091564069484,0.8885371262009827,1
2163739571,3.997896519870598,0.7971353659136123,0.03005894946260827,0.6452793515227443,1
3541563854,2.6771789443531513,0.7690388991635382,0.055437618679931855,0.6502332662033324,1
3542686410,3.2668794722711856,0.9164509335049474,0.05729464539075721,0.7895812666691874,1
3899056060,3.2267445156728845,0.7974857039843086,0.06303334758118645,0.8533198872467218,1
3240000515,3.929245888879527,0.7097678429465591,0.06686139991285957,0.6081958610692924,1
2034784900,3.837849063687024,0.704757991932655,0.04171848391772626,0.7983771132396813,0
621968092,3.579465606375577,0.8702722207756063,0.030286676942950157,0.7769982088843024,0
2458494259,2.7707178493895737,0.8810184550550076,0.06566986903552469,0.7132046787552487,1
1524593205,3.902023104368678,0.8362398565923584,0.06859473541144336,0.7602735969099196,0
1663742186,3.717380998560495,0.8437704590298949,0.0569464240402046,0.6599324352184195,0
3258359177,2.6069316135807905,0.8966856823412062,0.0698040213596288,0.886032020070006,0
3327962927,3.6435793983640057,0.7706905325299382,0.06179936679367064,0.874510717634821,0
1722464110,3.325845151955021,0.7167156585351577,0.05367808733256138,0.8012192822345502,1
393165876,3.6717645392320803,0.8096431729691296,0.03189020474483012,0.7549238920392689,1
1162215340,2.7613041699178478,0.7861463795844712,0.04182314617247622,0.8146467956773473,1
1555482276,3.7933016980228897,0.8339423570324033,0.047908657464454135,0.7952901404961412,0
161380182,3.5251181013694293,0.8764375815066964,0.0395464892054484,0.7896858259844741,0
2310803449,3.9498382487145354,0.8386539134703417,0.05538030439829384,0.8418423552686074,0
2321442591,2.586628415051354,0.8980451821383311,0.049440097303759985,0.7100829248010223,1
1519476148,3.3678793144284036,0.7179242954551466,0.03372501822487126,0.6308115382958887,0
4075377583,2.5192253910046283,0.8449940176221743,0.06261227169231749,0.8333241118417096,0
3689197104,3.8330469894890644,0.8501435139690918,0.04968831842805897,0.6104228629084459,0
1881960525,2.5891134775850744,0.8934067663069787,0.030124780993046326,0.7022355452757711,1
1813612561,3.533478070697412,0.8596126606535703,0.03688982571343549,0.7310339247896102,0
3479710524,3.777104785115867,0.878307830399145,0.03592941699388529,0.8018735657130117,0
1063614246,2.5641831045407004,0.7619313989963468,0.04798008829008507,0.8731799447137298,1
3166907051,2.5799354364589155,0.8233333936758382,0.03505611666783282,0.7430086286898673,0
2901988043,2.9931581042216013,0.7931840145635791,0.054149931403458536,0.6211183394333624,0
643940016,3.7985929308595088,0.751487570190513,0.06355038219236625,0.6944760651776102,0
1049450013,3.019574206045059,0.8268020226298018,0.04767765423881463,0.8205974623909593,1
3759146880,3.4278569533264642,0.9486488808772232,0.03645239606422561,0.8822494442863491,1
2171457189,2.670883244877226,0.9142866167363722,0.05568668302890839,0.8205895309681291,0
2670744003,3.567951188927972,0.8299700416276252,0.04527173268982982,0.6838827008669567,0
3916919705,3.0171421562969716,0.797487673951721,0.05324957184330398,0.7202670197031146,0
107479638,3.50330914540994,0.9084549589785536,0.041357020163173094,0.7184115766318111,0
1334378948,2.993497495410282,0.9375319809580784,0.044781180958130454,0.6139508765651395,0
1329240996,3.182252456775675,0.9439802879263516,0.06881547466009375,0.6035802262049927,0
2610713305,2.5453333785120145,0.9204759289643515,0.06686401312696784,0.7967767356183372,0
966788617,3.4313100798200176,0.7766148448668662,0.04924775451123749,0.6935100445793767,1
3527095983,3.4507313342689683,0.7002411831424177,0.03203365705801545,0.8175496186600437,0
424989714,2.780737144390004,0.9088118419210383,0.04555375130465356,0.6715550647908322,1
3461377472,3.6469224852152835,0.7473931857124958,0.043926309083233715,0.8736116586897908,1
3198867929,2.591662891219781,0.7371639031475804,0.061573462711160695,0.7484661043871,1
524259859,3.9203343827048522,0.8679130464635662,0.06441934477208221,0.7127445758704426,0
866168452,3.3240535224918735,0.7177764986721695,0.06511080872219091,0.7570354667953156,1
1829709865,3.3264102683293295,0.725078953200107,0.06651140276429963,0.8387326764515259,0
1571235589,3.970180592043868,0.8231647033789756,0.05245731890149971,0.8321815025197978,0
3248101345,3.1292715970149283,0.7400775911526295,0.054754374618893396,0.8736485690453831,1
2675184544,3.3950376464554517,0.943494326917797,0.04686624485869188,0.8273000012097516,0
2612268337,2.9752211636318027,0.7944526493459048,0.051287699180729646,0.6289894984217711,0
787633335,2.914933008814081,0.8254470625551663,0.039188764081992726,0.7243050975620787,1
3644552388,3.4286495066592932,0.7708727696524208,0.04880516902740653,0.7499666753032525,0
1031864117,3.7016609521692234,0.7240925591168048,0.03282559541616528,0.7774143151749445,0
617239147,3.396773597428541,0.7346869751498957,0.06370036592037559,0.7167935257747662,0
1158141648,2.5201270916612994,0.7428027015551747,0.05986785936060652,0.7844583134752374,1
2301879976,3.4817960777608947,0.8316379678263157,0.0573252349815322,0.879251241984596,1
3453949803,3.9491764593954914,0.899993491652581,0.04199476960132105,0.8810193369780424,0
2568544109,3.623088895400588,0.8348796891791267,0.061674329178179776,0.736677041002097,1
1087295285,3.536467423100474,0.8548909027352203,0.06099733174175184,0.8114150881182101,0
3988255559,3.2872268562666918,0.9133984334371343,0.04443392658228102,0.8115023474262736,1
3204981349,3.9530376257971316,0.8643546988231057,0.033982943073296294,0.7568843291029016,0
1427074368,3.834391981186636,0.8934026603733568,0.05061400065618154,0.7274536507159095,1
3145314837,3.287552509781067,0.8574048920913993,0.051943978658800044,0.6652082336137024,1
1436265447,3.917890555735722,0.9390212101897402,0.06646411690556966,0.7986351989894505,1
2305768773,2.9324384220279467,0.8361408458968941,0.03212944800791678,0.7278617493924858,1
3034784601,2.684174540088004,0.9223503456737959,0.0650561790371578,0.856773709516484,1
661101354,3.6939004326544893,0.7491874896384042,0.04261828217840268,0.7187378215527254,0
2145908694,3.6162691365943256,0.9042333726945163,0.05347847996787893,0.6523800765240135,1
1745451345,3.6783708100493975,0.8261799797131124,0.06827562740841185,0.7446715853826875,1
2647802250,3.8905749692993963,0.799715715672166,0.05308501275786717,0.7085789379817067,0
1546100021,3.397194506580676,0.9152165552575292,0.05007325621631972,0.8091172680833841,0
1804247162,3.7423443898175752,0.7617872129607044,0.03455173242154012,0.745737114669113,0
1211331455,3.757939660670153,0.8172227872468865,0.05908503006993035,0.8819217850935204,1
2702986692,3.2116125953386616,0.7427163780567826,0.056074593305950035,0.8872553165568202,0
2738049262,3.061043021994013,0.8169042127303577,0.05420171932631174,0.8384741829734191,0
1574164798,3.480048993252195,0.7695419597243429,0.05001678658650048,0.7626359309771762,1
997839193,3.219116986598855,0.8610811928007649,0.06574408634127626,0.754198515810806,1
4271014909,3.251402601309241,0.7518799100192874,0.057972493458424465,0.6549366239772156,1
3358360839,2.857283103067764,0.9064587760054653,0.059155682046758674,0.7303329919174226,1
1460753444,3.1481915387747055,0.7157574564970024,0.03634119026884205,0.6922493318983514,1
3229242709,2.7573283890423985,0.7228161095773731,0.03909639162936659,0.7126501457329386,1
1528147305,3.9934381864463244,0.9324580407698582,0.05417524556057407,0.8030370419244235,1
3278146058,2.5300232398192564,0.9041738490624451,0.05785903625865034,0.8831101678120028,1
3592474145,3.7264630998285284,0.8503067975351647,0.03696227211800363,0.7423910816503663,0
3066422347,2.7057764890002285,0.8369387870859759,0.038063617948908855,0.8825391402768085,1
46172886,3.091202974325263,0.819151913592534,0.03898456680891873,0.851354882021125,1
1358261372,3.5085888865253607,0.7770800546037113,0.03584211442635692,0.6420244492592543,1
546299979,3.4519169175705167,0.7673700171664435,0.03657501427061004,0.8810277157496567,0
2391576354,3.58269158173469,0.73324660158202,0.03704229705870445,0.6791732824782841,1
733868090,3.5702793410734164,0.883265001256813,0.052323251216197894,0.8317404981420748,1
2627942274,2.9296053776815665,0.9367079852224443,0.057208076365493785,0.8122299066803385,0
2622669565,2.5521219115262563,0.9372617828616906,0.0598809262014279,0.8946451609731033,0
3763960923,3.1070317575903097,0.7532419269671362,0.06939956001952904,0.8113460124155916,0
1283953686,2.523657738748357,0.79588964214289,0.06630439421818601,0.6462334900216233,0
4124016518,3.7614987797460966,0.7711857571812893,0.05994481954893709,0.8841167273677384,0
1696128666,3.2038448780685713,0.7386832763082066,0.05380494124773087,0.753863255720323,0
700373425,3.634250305883655,0.7733750590061615,0.06896182590193106,0.7682792106245755,1
1308310570,3.4031262101216218,0.9041316387073388,0.04177678261617429,0.7225645191604929,0
592983842,2.6961755743254634,0.7833880886414601,0.03749088477393541,0.7946713722597242,0
4087096129,3.1707551052799436,0.7652137667121685,0.06694190839856243,0.803198021033936,0
2384360700,3.883046150247442,0.8801580203433675,0.03124207932680804,0.7405523075626823,0
3984802869,3.6561966005233,0.8424229139672595,0.06514747920783606,0.8771586348005738,1
3380925936,3.981885274306793,0.9251295146899334,0.0679564068575341,0.7529840918333224,0
2584192481,3.4839496518698923,0.7079668346149711,0.030702900224437626,0.8973502077447558,0
2808585935,3.553574234975942,0.8085493474372178,0.05908216387401042,0.704349928864762,0
2761378670,3.571697604249319,0.849183536176271,0.061123421935370445,0.644863298890168,0
1800130609,3.1559951163789544,0.8324016309194926,0.05597883782222052,0.7899946475485556,0
2643934423,3.269065441776758,0.8740100875673292,0.06272332893315405,0.7278988304319682,1
1179285819,3.229650512271622,0.8381609509479244,0.03291491044802859,0.7085741836154366,1
1380824180,3.991327155326299,0.7700361656565234,0.03339235234992516,0.7471170300836144,1
3097971046,3.2578881019209764,0.7048469366415522,0.051764312579026535,0.8126935998067264,1
3389590476,2.992703057646702,0.7624014210176631,0.058855960339032606,0.8212413960459783,0
611584779,3.450617353671112,0.8028650397830364,0.05680397747263985,0.8640960786445057,1
1412595676,2.9356783666262123,0.9061094066348039,0.052245659130204264,0.8357866074349859,1
2106281541,3.362157442269946,0.7810916818842752,0.054420203333495704,0.6913957825205719,1
4229840762,3.982988680893915,0.7602010633934777,0.05695802615914172,0.6418804523776194,1
765740246,3.6778324066136374,0.8762580051484954,0.06985728088946852,0.8363584810279444,0
1895920586,3.5292865324544,0.8518012134990143,0.06066447993347221,0.8050830862441716,1
3015731895,3.3958727403559834,0.8782022448559273,0.046157774394932696,0.750212412847453,1
2851422071,3.3231538992199097,0.7695467444178264,0.05108084414242628,0.8509882644486434,0
439188306,2.5264570220712006,0.74059503664261,0.034959778650034704,0.813586182830764,0
484006551,3.031988137708604,0.7232903624417832,0.046487572936483874,0.6422075341530796,0
452423412,2.7656263096503877,0.8223068650935254,0.06820827280878597,0.7607778605016237,0
3811154740,3.8646688365631467,0.8689292676340968,0.04735174141175942,0.6943201886963617,1
2537483335,2.799553985215264,0.8862669519048019,0.035998067607062485,0.708030769921259,0
2014264601,3.335184303800027,0.730282713709653,0.03251843637156943,0.6236362814295673,0
1660988262,3.42762885124736,0.8145804116340327,0.040356821696943004,0.8263165397677261,1
3639392165,3.8797150276531895,0.7426087467351321,0.04286387667041634,0.7280698421611548,1
1607775041,2.9420969719808254,0.8491600077618964,0.03647725136457894,0.8927479013968285,1
3127771263,3.0599063137586002,0.7031613637775913,0.03611227443101556,0.703690710676351,1
1443049358,2.6508277513971485,0.7173905796618053,0.03026084791250023,0.8516265421429148,1
3602949351,3.528892967419727,0.7815699736042984,0.05490587769211759,0.7686584157533978,1
1388626532,3.883618258570504,0.7970614175956834,0.06568388760382006,0.630734761834804,0
1364415206,3.5531620479782156,0.7723880345507866,0.04776778758992689,0.80421043927972,0
494944419,2.808078818780614,0.8466607379860905,0.05632799735009855,0.7575155301173764,1
3187118332,3.121856984615063,0.8851527298230942,0.031918193529353885,0.7264514630095451,1
1649284541,2.713971775815251,0.7971634890907511,0.0507221109932305,0.7526463248132148,1
936542041,2.773977489266319,0.924897629711659,0.06485929109004457,0.7705453394685595,0
2429879247,2.827755910344479,0.8207340015361015,0.053214804889607725,0.7484951192291126,1
276368014,3.010397022991109,0.7728894215129104,0.05740463235113691,0.7926240737019833,1
3331344600,2.5799673464609887,0.8864703635067921,0.06331144214308604,0.7805767691294896,1
195926210,3.908488063249592,0.849357786150653,0.05533067245982967,0.7635444363099073,1
2189942654,2.838054775331339,0.90137231018526,0.03786990896371845,0.614818182544851,1
1821354216,3.271145399974749,0.7243593867353786,0.051165148503599614,0.6526153353292741,0
124442991,2.8169005337753164,0.7903368165383013,0.06118811030538299,0.8981206736907263,0
3315379313,2.880516781477186,0.7417723035449415,0.047806363445137515,0.7382406147172906,0
165862147,3.244325192808137,0.8205182565142632,0.044265172032639626,0.8752294640550244,0
462943605,3.333690852271753,0.899335053058453,0.044376711451099074,0.8789016730609276,1
4019625588,2.7379632936331917,0.8083983748615498,0.0518417683312117,0.6138062580473205,0
1581609373,3.4506181960996436,0.7693935957462552,0.04844772281331614,0.8852401601409629,1
2879919331,3.5370568513742713,0.8676761095442354,0.06287774317603162,0.7012382409165783,1
3085267083,3.740274739198303,0.9402899603169143,0.05359850865986816,0.7774373742546694,1
1069949810,2.900095725570118,0.7169180097926876,0.05521980439618261,0.7328785101666204,1
2595552831,3.4276969133421167,0.8733794451862804,0.04488915111438645,0.6095169234520453,1
605955258,2.7305881571592554,0.7250059260929906,0.06835436208557921,0.637501205637343,0
176373566,3.259598733035764,0.7544492303729726,0.06913090238220221,0.7480169357859981,0
1363510648,3.165843445496618,0.9305201241434312,0.05686857087075581,0.6640223206547393,0
338065443,3.2501580521886684,0.9123033923012909,0.05586269623546542,0.670088013749908,1
1323169071,3.5845012298189527,0.8862650304133393,0.03848621672190285,0.7987925457474544,0
4058850765,3.077242195473843,0.7279398286421251,0.04396487908185184,0.7753872298473096,0
1070332709,2.596460976449248,0.7912858236090623,0.039908480571684876,0.8292972300481913,1
1135411759,2.8744543079229934,0.8790332660563885,0.037014989331654535,0.6369620585215675,0
1453474221,2.522939075529308,0.783485081105141,0.04746858957750916,0.6725338148957315,1
4268099726,3.7612465994788895,0.7094651647677066,0.05975851825738229,0.7487402840837836,0
2330181167,2.512381528725907,0.8750447841646944,0.04101596079267324,0.6390307498568006,0
2513218995,3.722521186784172,0.7158889806386106,0.04749988794972611,0.885890058995561,1
4029603419,3.879816344195893,0.7870584855200771,0.039959814801215944,0.6672376067023305,0
1570571932,3.835214868374587,0.7304165082060802,0.06758491029771602,0.6737671361044607,1
1197949812,3.3761285517021316,0.7130079395309653,0.03243234149476373,0.6487979458264882,0
3831785339,2.544349478536627,0.7264696806178916,0.031571571973972236,0.8804117327223967,0
3100757104,2.8529058121116737,0.7247957292488005,0.059347545643346766,0.7827557405188911,1
381901993,3.7441968724988817,0.7417196328478178,0.04031566648111706,0.6825646649129069,1
981603064,2.5355343405429447,0.8598565465739205,0.030482557930770295,0.8265722380726563,0
3188381534,3.7147298055408893,0.9052695268107395,0.059271741392783295,0.6132474885764655,0
2432425578,2.6836838782217596,0.7298835921163285,0.05846881449715809,0.790406204014654,0
3422583319,3.2677232402988703,0.8740910868975206,0.06465791661595013,0.7422096098625979,1
2313381889,3.8543755620662004,0.7046399520631295,0.040314045100146606,0.777251042643801,0
2508153083,3.238812518569058,0.744093987589998,0.05867376311349111,0.7336880004902825,0
1921601189,3.458524628667048,0.732476873211408,0.06113904178237757,0.7345377567093699,1
1126419939,3.655041757887413,0.847211729665383,0.06908299302537219,0.821123343510875,0
1532838950,3.2633136958183284,0.9441145503648176,0.057685012813134776,0.7225583073411662,1
3140109301,3.606669843708052,0.9275516799432246,0.05186715908624205,0.7823506292101073,0
2972032996,3.467554685084204,0.7222290508281564,0.04400689420004505,0.8441953384840036,0
4113837217,3.9166903711267382,0.7412552897698368,0.038567672765753416,0.6346032157416496,1
1233256811,3.1632814911834624,0.7358651037294294,0.05683354354521804,0.6746930864662647,0
3285686740,3.9315945990267824,0.7441208677074835,0.048363158688496666,0.6402589144780302,1
2222448792,3.909289514138467,0.7017233404546113,0.06811391817346513,0.6237445404040934,0
1367965294,2.514330986472242,0.9058859373495103,0.0698474804307529,0.784343050512556,0
1543292472,3.5806762726820542,0.9014546490934248,0.060165881820152214,0.8243110635104053,0
2983248081,2.7109215069762227,0.9276572475052624,0.040943619509135346,0.7986419673815213,1
269454909,3.3779668064969184,0.7684019042951169,0.062357143207723335,0.8196767932493236,0
139044510,3.453730059847881,0.7296195848043758,0.054522185812497764,0.8190041357927498,0
3497330741,3.4087814871698816,0.9236274312280874,0.037606290990683015,0.6114217517173778,1
760769674,3.8996756297256407,0.7555099904660407,0.03630890447475708,0.6163123609351839,0
1952081005,2.7753724352264406,0.7674423660808332,0.06454038570030624,0.8517297754974795,0
1805747345,3.5567381971313154,0.7563853671177296,0.06104868261786392,0.611280722711169,1
3775698651,3.6385319250910575,0.9024986713295162,0.04957975231939805,0.8249224111247913,1
1117250139,3.815987369166433,0.8293189587364124,0.060322287525290536,0.6540280482114535,0
2009393451,3.383163455676968,0.716863201114341,0.06895870797040261,0.6131636175704762,1
895550833,3.420788270673175,0.7823804844019802,0.05657866669521884,0.7622804497569395,1
2778950554,3.4303551432905848,0.9338813127436221,0.04115403148431835,0.6347870300667329,0
4103020709,3.234325253409778,0.8043003711123177,0.05362260967017063,0.7293186547841456,0
907169850,3.4904923619738466,0.7827129089185567,0.06237759357232533,0.8519144557995811,0
3796010456,3.092723442866211,0.8105498527953787,0.06569791702032707,0.6395720582691186,0
499906575,2.7412900166260057,0.8161419274346187,0.059901252236242916,0.8582887274105888,0
338891432,3.3384479273344656,0.7251673820432414,0.03478824921666387,0.767513531936464,1
3247619083,3.4153327078935765,0.8981993252709577,0.05509387526318584,0.7668405940690569,0
2206245036,3.9653992369547346,0.7207347973563367,0.04600669258464515,0.8312476610994628,1
2644683932,3.1245511218012334,0.8425579683356625,0.04916103894855267,0.7686708895875751,0
3135592314,2.6182005046372465,0.831188151102591,0.06793628133237474,0.847272521543863,1
3092539003,3.7913744153144426,0.8536020932061843,0.05506258566291837,0.8690538099226429,0
2203554767,3.8276079554614535,0.8727446960185721,0.03232523972057943,0.6289752068417045,0
1028528268,3.5891159328059414,0.8031647205138209,0.05219650966712261,0.7358099526037214,0
3606728759,3.255856624755985,0.7521745355147651,0.06007109629719151,0.7162840561776364,0
3178799658,3.4979728106894843,0.9478604265434339,0.06901222958453411,0.6363841033247019,0
3105668468,2.7234472437845434,0.9016754611343925,0.04572952996213482,0.7629833854588135,1
2406171147,2.911248213023706,0.7381285387198433,0.06914313580674875,0.6538937522060613,1
3744310286,3.5755410424689953,0.777828342329962,0.037786481816708024,0.8644533325181094,0
1456134419,3.874194569610794,0.7739765812525345,0.0306842014442394,0.691840777665581,0
2405020243,2.8869658777927243,0.7808997402058045,0.03496702835974087,0.6094450584923875,1
2675573382,3.097824131779152,0.8230729373123035,0.05075064634323767,0.7052604831473386,0
1194049485,3.729753080045713,0.9418946096514191,0.035201330723135256,0.6888579765303485,0
940261305,2.6112561607438107,0.9029895568678216,0.03786108323689186,0.6691192051801197,0
1421508236,3.77575266397379,0.840484565214163,0.031234520681420602,0.6466421860368778,0
1145446343,3.7750277105802614,0.7616053451557865,0.053372045156955025,0.7094111550395417,0
1293066972,2.604736233003652,0.883953152770267,0.03977152951200667,0.8451673113243307,1
1162097730,3.9701387776397534,0.8240250676403824,0.06650490009073075,0.752566073997833,0
778720140,3.127800322725591,0.9140294258477213,0.03483461943268195,0.8785518391034485,0
2958088978,3.5942639446934153,0.7160863568202607,0.0625092161984025,0.8844304847555655,0
277329908,3.8259361285573665,0.724883335269539,0.06284428109543219,0.8004580066240585,0
4011613079,3.5494085423651387,0.9397232555460066,0.04213489898586972,0.8871852701778624,1
1588791500,3.908702987794086,0.7522370784603054,0.04691488319371109,0.8553209454527455,0
2053113466,2.6331581758189464,0.7199735191334774,0.05928761568966817,0.7247512272203379,1
1302377198,2.9619010202262697,0.9322485953867121,0.06398808851774676,0.7916968419671485,1
1228603250,3.838538192771082,0.9294263110939647,0.048685579191030594,0.7421719604595557,1
736363067,3.482442970222076,0.9407905022636084,0.05417499846501293,0.6842081866270069,1
2873886598,3.8596400382225022,0.748921523081377,0.05229530937718864,0.7783046754350901,1
4274266756,3.964503723004012,0.7370992283567755,0.03298142894539348,0.6263602367791857,1
2368708086,3.0774880310813644,0.8047589563168411,0.06282876550243632,0.6082953813324576,0
789652480,3.242665127127265,0.9267711485384864,0.055373938238109155,0.8599756688475355,0
1621930082,3.6562363194024416,0.7462152090583375,0.0627384050317826,0.873384869712838,1
1242649180,2.87280949381711,0.8556191093942691,0.06899523425538587,0.7426803508712221,1
3481201874,2.8551547330460276,0.7327326094153522,0.03064164054971364,0.6186644987972176,1
4289311754,3.8652751375249905,0.7583659417212392,0.06353216629917277,0.6251746621027109,1
1298076617,3.3318906452199037,0.8117930459403095,0.06765345776932938,0.8348745547208198,1
3745931323,3.483604987595654,0.7848495422858488,0.03690861733442792,0.7973313249316889,1
1834379624,2.822404278398042,0.9234160491730017,0.041685268419220545,0.621983439205475,1
2873604930,3.643540052793104,0.7277952036342279,0.06995776157702528,0.8678660219349579,0
350385357,3.669061803703176,0.8102628747228589,0.049672897225309466,0.7219633925576633,1
2015662349,3.6386543825033755,0.9346162878501436,0.05746796650991094,0.6798408200965318,0
3725984577,2.922372883357337,0.9305897392993077,0.04829443603299062,0.8862918911764366,0
1342540500,3.95640923170212,0.8035397722475569,0.03691847915694206,0.7485567374424985,0
1388250040,3.6183309199763602,0.8253625583577986,0.037436954931883135,0.6106053350085269,0
929593857,3.5480820146458627,0.708960878327378,0.04831758085092322,0.6336684121845486,0
610909318,2.8295107105027437,0.8845409778159432,0.04799546930460022,0.869435060501521,0
1788070052,3.424880805921916,0.806098143581166,0.03186398459320977,0.8685557024704796,1
2999192717,2.5965708303574586,0.8834802930629087,0.050586096373993625,0.7547107897412413,1
3373891358,3.668772817739441,0.8763668428524091,0.03788803842689979,0.6249777541934312,1
1440867914,3.6780215119685984,0.7556686546126268,0.06792742207120933,0.84764328755216,0
722427101,2.8754028415019857,0.7885476754332692,0.04929702752611213,0.8555765475624393,0
2078742058,3.4922184674851273,0.7369124712948851,0.03336964636055555,0.691275849011993,1
2303056928,3.287875766153353,0.9473067905432152,0.06991599926914174,0.8568736389459418,1
2714315857,3.268280312469278,0.7020738056296337,0.04848481627808433,0.6529772699670903,1
3569517351,3.100618064380395,0.7534446051986541,0.03989150890851349,0.6542638340070143,0
64470142,2.7528687873866273,0.8854282982552312,0.06202060616736996,0.8294231123250705,1
525720650,3.387027410872944,0.7714311066348648,0.0594611918629748,0.6742205116031637,1
986504785,3.9642640312775255,0.7892862010308748,0.06720137267611795,0.6721356895279912,1
2479977664,3.5029742927739855,0.7487282534383185,0.06409538596623951,0.8377345732876318,1
1372974836,3.6606781937288,0.8499898617936912,0.04919743473190312,0.7788426274477083,0
1267163132,3.36353036640583,0.7171490235849414,0.03168136635483522,0.658970691344996,1
1122999818,2.801502545931264,0.7876266243100367,0.06333235110809349,0.6435735297102375,1
4074327798,3.911830464795403,0.7964041237966907,0.0590121586437652,0.7255573577693563,0
3389049580,3.079003009162604,0.8633376326822599,0.03087110952243978,0.747536617271434,1
1431175630,3.6146965834342857,0.8831834868804531,0.06586830132025315,0.646280401105193,1
588987427,3.873539329166819,0.9460842063735924,0.04626410075436712,0.783980671442515,1
1073787659,2.9299297949091887,0.8514548407276223,0.0464467147958062,0.7148880864140593,0
1831366796,2.616940293057746,0.9242055678965511,0.052299504891347964,0.7011234131489472,1
1451917028,2.8363411311651117,0.8589041556267896,0.03708091656425117,0.7187435164118395,0
2019491645,2.8726147041831833,0.8093773391840208,0.045119926507921314,0.6835809552249061,0
273559087,3.404998533779687,0.7706716235197841,0.06625681067439096,0.7740212378723053,0
3612109467,3.8406262472618273,0.9305639818264044,0.0461424677096277,0.7567437171429376,0
989960190,3.5128249983359643,0.8481471935552068,0.047146152121127466,0.7674192974783798,1
3626789422,3.4324934588105878,0.9442162764245091,0.048503697273320115,0.6198191336335862,0
1457658539,3.6259384533092653,0.938501605096667,0.032521993964082146,0.7412945108051565,0
448364017,2.5780354984641702,0.9199051863662911,0.0685798210403516,0.8642836904141322,0
1429509716,3.0510373051782533,0.9006849443886735,0.04666020585892189,0.8338221461346502,1
1985370592,3.161406038560439,0.9043935519726545,0.03734167045841405,0.8641043373636286,1
876586753,3.2478746519088,0.8304867988672894,0.06517939762564495,0.7290487394131303,1
2262660233,3.934314633873223,0.7314632849916992,0.044995230247516095,0.670517518979226,0
692694737,3.2162173437938266,0.7090854535249567,0.035960270392375274,0.7801220443666514,1
3356443771,3.557471419251743,0.7364897072033055,0.042906765732298194,0.7597453800479267,1
2446282183,3.6652156473583197,0.9462577351772938,0.06353169683681224,0.7185804534417604,0
2797839092,3.4319103406741895,0.9243982478377712,0.06609833782484832,0.8415110048259902,1
2406633092,2.842095413268575,0.9151862666180126,0.03342473267827696,0.7742179943275282,1
3431833697,3.5555718796575,0.9337704367731406,0.0350650048633875,0.8416716890198015,1
17887661,3.000098626416821,0.7353368880755755,0.0605703347960567,0.8649079516984135,1
2736407374,3.158379769717878,0.7365443374572384,0.05859621406520605,0.7529750225746094,1
1810238723,3.6457510489517126,0.7096767770708236,0.046683586110051856,0.7604993115647487,1
1090975751,2.518482256190622,0.7957105915631822,0.04238619715225306,0.7135024165558538,1
447152282,3.6188617306916253,0.7768584820312836,0.06608174816328169,0.8416251244456141,0
3159108346,2.75033708369229,0.77926580793463,0.06109270095157793,0.6908745856865908,0
3087783731,2.9651550688225092,0.9087966223176237,0.03103078210774229,0.7906739722276392,0
2723677804,2.5043385649639514,0.9249928510065325,0.05536105875837961,0.8038706811143668,0
1115876362,3.9045333990865774,0.9491447404057489,0.06334539726402302,0.8591848734042724,0
3382103953,3.480881173141761,0.8602788066914223,0.044084207170696325,0.7811218826575442,1
868864330,3.241491458989618,0.8423966318495393,0.058730772694058506,0.8948077757167177,1
3707328606,2.7440487348811105,0.8581901936467966,0.05576151991345171,0.8525685932734328,1
2102146821,3.2144717783642105,0.7928907006118395,0.05394579575158297,0.6209807674317894,1
3307862416,3.1177430780673667,0.8398552664233657,0.0564991249217536,0.8967053088308428,1
704623495,3.681113313580237,0.9361720540676575,0.049390474603784804,0.8536753100576153,1
2889940634,3.0760880758548863,0.8943432902794024,0.06568721129191817,0.8387213531284623,0
205999502,3.7084421479148855,0.7114476409653484,0.05369061926040553,0.7058705028585991,1
2719027303,3.819080550858019,0.7931716742300374,0.06287948988156242,0.8983645026020515,0
1464754083,3.3518798258221745,0.7578190149133971,0.0646120867630101,0.7450351036068336,0
3194144611,2.6956138386928923,0.7073163772696838,0.06990819173785184,0.7600935674993002,0
2717089112,3.506610653123192,0.9415045730149052,0.05558281995022371,0.7949656011724583,0
1025892277,2.838872548578083,0.761397988373372,0.04290041288631251,0.6228775444998393,0
2178540551,2.886998733102035,0.9339363997567138,0.03938531478868017,0.7446110814241446,1
3180737715,3.93305188406118,0.729336629769998,0.06039174474300974,0.7892049074340952,0
2140533567,2.600578470902981,0.849899658690946,0.033245883503236255,0.7513080549614493,0
3671759984,3.7397989850117144,0.8049933392400519,0.0672799691255293,0.6033885705555635,1
3753692920,3.06525996304723,0.8698999941899239,0.040316226052585134,0.7709792802121141,1
1880300926,3.1004504698541657,0.9341730373074671,0.04857628177227222,0.7653270903987258,0
2045565662,3.320472185059555,0.9383598216875983,0.05635405768200938,0.8521045147207816,1
3818450747,2.866743316607865,0.7868387764016002,0.058854744849090965,0.7430988672948885,1
3988306639,3.6305609262563046,0.8913719305821934,0.039524039870337,0.770207440500615,1
518442499,3.262403717709594,0.8250270361497765,0.05888926170066047,0.7833422951671689,1
3293621647,3.445789475059335,0.7029498398852249,0.04586102893508685,0.8104992871439846,1
4275181934,2.8270789981348328,0.8859913869195694,0.045969143701878754,0.8519724177766401,0
222227757,3.481923070093857,0.9248565312952632,0.06908228472043587,0.7794442652838586,1
206733784,2.7029855004399193,0.7824918582318682,0.04762033383176958,0.6046314408410145,1
1604265912,2.729692480939782,0.924794598883879,0.03341267050130187,0.6062077291873484,1
244964926,3.4958792590877614,0.821062130634304,0.054174680058357245,0.7149187101056936,0
2516793155,2.925041233909062,0.8546213071589642,0.054134359160102126,0.8369201375367995,0
2413209522,3.9208978070975933,0.7835947020190397,0.06581916340900396,0.867092314027053,1
835748528,3.509891231179304,0.8027701846312143,0.06186972729178158,0.7711556370171968,0
1024095657,3.1623088708929536,0.7535049622512737,0.06581839574394735,0.6306062430178113,0
3219608448,3.3065594590954497,0.7930620610792214,0.032040270815817264,0.8704284942260764,1
1001322251,2.6169457406262198,0.7973371102062721,0.03997870272810649,0.8951526415179634,1
545287173,2.9024521364902602,0.7606369320526521,0.05363839533489918,0.6647199438615063,0
3585071337,3.679619988740109,0.7944338671517918,0.03454715025303852,0.7722586803698591,1
3212323472,3.5842795866863155,0.8164381462188216,0.03147212765774261,0.841829912524437,0
3278571069,2.515805597418076,0.757434434529894,0.0464270807624801,0.7510688866781924,1
344402581,3.1571702980867524,0.7075233014975796,0.059706004522193795,0.6701410763460844,0
345119336,3.3055970268922126,0.8216255616969084,0.03465352698858751,0.8457758092252439,0
3716434759,3.514008942307334,0.722609179714561,0.054969583743764726,0.8067886154569769,1
3897536724,3.3900723638522416,0.7821810733913205,0.03628385492779168,0.8771731728304824,1
2729575094,2.560338906601184,0.7920485805334925,0.043272704850815705,0.8544380189766656,1
2722472438,3.6446388914174603,0.9436313478767075,0.04534736945050592,0.6794423117137764,0
4271926418,3.3346103540236376,0.80039159316348,0.03347976549555269,0.7874556993801036,0
2941583777,3.3819576133589027,0.7760904543209478,0.046802257130360694,0.8231779248422091,1
1152220109,3.5276798918068866,0.7310151063069773,0.05079239221371602,0.7031903844511116,0
870578439,3.6441463285964915,0.8720370143119854,0.03150003440516013,0.8876688491558795,1
2365861757,3.405390179725065,0.9433396476293382,0.045179569336898484,0.8489682723690439,0
904351876,2.8603011675820125,0.8166834345764418,0.04379187236147367,0.7878882338960754,0
2702715223,3.5363558208280335,0.8219035762831779,0.0676646342620992,0.6623264676087437,0
2150135204,3.3288885627564553,0.9246454398523472,0.06083056151296275,0.656332744136481,1
2283444923,3.3343061184109217,0.8378770935441053,0.05387851112001117,0.8569768719282336,0
3448606567,2.997371696280594,0.8884895009426479,0.0581349191609383,0.6536625989619563,0
2391403310,2.898005872508122,0.8906260461232445,0.049290481726131916,0.7164035197658528,1
2306897,2.5244569236625005,0.7524281419919481,0.057814760842375176,0.7253602619695213,1
760483095,2.710372972488655,0.8268420528863039,0.06895556552033355,0.6111764983519477,0
2481805840,3.165908015173391,0.8035391374597758,0.04439014819813073,0.6530382040490756,0
1110012474,2.5587343243549228,0.9378957869384406,0.04771814692886926,0.7200682340952942,0
1204738705,3.7088734513658466,0.7287520449387652,0.06593735277295112,0.8926312780746615,1
3994264797,2.812548882310759,0.8916948535343888,0.0646571394767664,0.6515377021435742,1
3462449321,2.7403265329230284,0.7955603214473932,0.05318347542845896,0.6761008333566797,0
1532980117,3.0747201773397967,0.8120075311433659,0.04546341089624575,0.793294690743234,0
4202702242,3.8235174654415722,0.7328029105882548,0.03334460126894342,0.8735810643201727,1
4262694243,3.4652134352144026,0.9358395239797879,0.04657287421698007,0.8153517161587212,1
3374247685,3.9016865357465873,0.9404023626887363,0.04716456395083882,0.850327201140259,1
3590246192,2.7200100307673254,0.8231525551143638,0.06039263791603487,0.8846385957161287,1
1207413347,3.559528305695017,0.7808553932357715,0.04923809008149878,0.7536275039448816,1
2556619930,2.9898935047617323,0.7391503086811055,0.0532336218277691,0.8502448022826399,1
113666430,2.5678868779659547,0.8941765293437354,0.058347413269505405,0.6533208033741814,1
806987802,3.550876430350436,0.827525298766119,0.03643102335995614,0.7518733587823665,1
853733193,2.5428473658531834,0.742671932085752,0.04670113748228817,0.6202691573389916,0
998052876,3.056726928763654,0.9035199515632416,0.03040628604383438,0.6534514791221906,0
3893673049,2.69573371595969,0.8774377856665478,0.058824364865531414,0.8424669743516585,0
2091545384,2.691871777419057,0.9328862555997153,0.06661811674001869,0.7212334313127889,1
897352154,3.3428718931012655,0.8378543058103614,0.0449856464102679,0.8256872497386682,1
1973861341,3.477219616449722,0.9051256463212604,0.049384842187954206,0.6576039054418635,1
305418564,3.4806622962862317,0.8717023144203997,0.04717517493909934,0.7618717603419445,1
2158108048,3.002134975436828,0.8909112598583924,0.05937417032192701,0.8008092833970525,1
436808634,3.2305238827260085,0.8025678232130781,0.05675718355608769,0.7355619859963017,1
4158834740,2.830638089623158,0.7444783354864899,0.031011838138100847,0.6276564021401558,1
3308909025,3.0870526378435788,0.8212835892165636,0.05364092604552165,0.729667430057232,0
14691136,2.6082216396156035,0.8962868342412312,0.05427875263113934,0.8174797593124846,1
2803026130,2.819191901118053,0.7087059166849622,0.04860028216844747,0.8270840344923791,0
4117025547,3.5408346520683285,0.7384015988843383,0.06677355681776462,0.7941425108539059,1
3599798154,3.8985143172290355,0.7135709475570738,0.0400386915637524,0.6478460297013742,0
1460942051,3.9644093086537753,0.7728601649443625,0.03887735248811528,0.8526922316532408,1
1472891002,3.907825227396822,0.7005023292715877,0.06454971136717447,0.6453700091759416,1
1597289516,2.8375815464735368,0.8095808926231493,0.04417138228654055,0.7481026977386397,1
313797060,2.614568312067447,0.7430309921855195,0.03599593924839747,0.7745665135503635,0
3911581689,3.375738552268335,0.8382749591264128,0.06898589722718014,0.8244982496337843,1
4167675156,3.0517117494224824,0.880642040807126,0.04666680644951643,0.8772024944496079,0
2438618184,3.988196943249289,0.7711430943957124,0.04699662354243368,0.6779250415485573,0
1200331373,3.866968938065173,0.7190006461892268,0.058653172864976816,0.8735674724019189,1
1130217969,2.531094025180344,0.7342019772692279,0.05083807961023597,0.7344501045923013,0
2817284073,3.1694078605618037,0.8303178321305538,0.06454636601090213,0.8622734580928008,0
931867022,3.281156124802341,0.9099916598356321,0.035200589979305634,0.6635667018115304,0
1130455815,2.5275826462596735,0.793759006388017,0.0338057498756565,0.7796604878295015,1
3367757475,3.384104075781589,0.7022153832757612,0.037475464544019184,0.6409742252876675,0
132194418,2.6637755626859096,0.7107426771836088,0.04398026326904163,0.6494089198612262,0
2960611918,3.5390485086722534,0.8910567286433237,0.033709899787089076,0.8552708989416765,1
2229040304,3.4179781265966085,0.7956256633535927,0.03805691643919004,0.68589124249158,0
4151354394,2.968580512528029,0.9062998458390605,0.04952279017810295,0.7980501209897743,1
3704288656,2.7056643974064687,0.9084940422579844,0.05096887096889165,0.871801302833194,0
3770569698,3.0543248009157344,0.9301755091565411,0.034692839060704424,0.6182995142105078,0
1834074549,3.2291158309567147,0.7904926745409301,0.0576475098557529,0.6752699740715065,0
2554500196,3.263925051227376,0.7924780153726605,0.041019132984984025,0.6737634259468316,0
2818064053,3.818742870251599,0.8158209429661947,0.033275778909997104,0.6165319152133648,1
2150689038,2.999033417383947,0.8195792189078264,0.04104505627444101,0.6913692061134186,1
2801035140,3.359593048281132,0.7392998723840615,0.05100706131485899,0.6781003739448128,0
4070371775,3.662581673800255,0.8014712094347003,0.06927896340091194,0.7494168194341186,1
794077880,2.516598915332956,0.8331122952661689,0.06958356161677992,0.7705538188713152,1
3499761580,2.6815725672573,0.760542956178635,0.06759231965418097,0.8502632985311912,0
1613446247,2.602692893406981,0.7726716756534586,0.06263756393404199,0.835631449304036,0
3554987984,3.002647061231409,0.8089941195593222,0.03604927425277432,0.7617592897864088,1
3813682259,2.6975412011921462,0.8783572522923424,0.03215010984537493,0.706258141102265,1
3928084137,3.0316459134777056,0.8691067396472143,0.04779245001923069,0.7632771209150955,1
1329497050,2.6174904030007005,0.8732527981464366,0.046755432875090396,0.6665566226418679,0
126479096,2.579041226314175,0.9053393166650852,0.04476353817921767,0.8308155248062788,0
1347942406,3.4012153045860343,0.8032948360886831,0.0380930791514618,0.7651363968047967,1
972699546,3.421468996148435,0.8513174847518227,0.05261433745375991,0.8669807709905921,0
2066065679,3.8072293260224237,0.8941175306807516,0.053697339575145386,0.728042433909823,1
1969516659,2.79707536445478,0.7594987598188649,0.033489217440953414,0.8456731867971343,1
2256723506,3.005113284658573,0.851272269830543,0.06212231067734723,0.7657041461795258,0
3154926094,3.0980531400131084,0.7183098143891065,0.04513034048443192,0.8724943357032287,1
1457310299,3.4400911298378696,0.7294267223626878,0.059310411397431845,0.6242020429653723,0
2077818966,2.884320009271111,0.9382863073874338,0.0675359827132116,0.6192548326359916,0
3663765,3.101157857508261,0.890950340799104,0.0452494601061661,0.8756422388399023,1
2123700420,3.5030991112452368,0.8278741939196623,0.05558610059734988,0.8928507141950964,0
606945694,2.9796851291751807,0.8750895726354553,0.05002855180482393,0.7484675064747003,1
639006389,3.9126204752217255,0.8543912167214938,0.0346215915778893,0.8602280462793896,1
2451485294,3.524607950083876,0.7088392020230699,0.05961639808437454,0.6470995404975323,0
95118103,3.3164558573891627,0.7141284327101735,0.04353681694620838,0.6662227673875029,1
3392194515,2.6083339965807375,0.8056680084880629,0.06284485421736,0.718206393263475,0
927060517,2.6336524781179027,0.8769458846385558,0.04448670278481055,0.8752520370097763,0
3718833345,2.518526858572755,0.8607902457974819,0.06907194624320016,0.6892814505755043,1
231905187,3.8623111539235655,0.715424694885867,0.033937013058238305,0.6516623730461704,1
2655287271,2.7735525195558353,0.9305936545647466,0.04988687247218876,0.6318251489028787,0
4230552309,3.4651807460360375,0.9186597809606465,0.06525993412416858,0.783143085232571,0
726247639,3.30376124739763,0.79468020209122,0.03809901792024384,0.873274019977665,0
3076150611,3.3317644015688663,0.7219826475640002,0.06166696803199108,0.7422973885747566,1
345311136,3.641327442510402,0.8591645600015723,0.06114120888065499,0.6350619350446401,1
3741771383,2.7119692594843055,0.7960604649243932,0.06515755649208708,0.6665819591647042,1
1077543851,3.6552020005664017,0.7689113726591332,0.036390467514296296,0.6183924346650128,0
1641865126,3.6005551413807555,0.7988374847414518,0.062107658034478964,0.6822192988230188,1
4007500065,3.039784976470571,0.8518886795061669,0.04634889288398339,0.7327693797192708,1
3795515093,3.5380577971639293,0.8315980733324073,0.045676691717456065,0.7423193554503204,0
44658505,2.754713551369401,0.9279234541486687,0.06618079601528326,0.8632894460997547,0
3195830226,3.7516772967337024,0.7194308340965585,0.058723976569338796,0.7173403905436255,0
1143554458,3.439715984455958,0.9445862470541314,0.06421160448682686,0.858767759982656,0
3573497794,3.81760349666298,0.7194984255216286,0.030111813265054164,0.6334395937374179,1
326099549,3.062251401071333,0.7406852690217498,0.048285348568568774,0.8408041593334057,1
3686238045,2.8144763863508966,0.889183523711693,0.06947614024585949,0.7390515935813056,0
1089762399,2.8837473620817655,0.7082805224123673,0.06875958464574286,0.8665772617977394,1
333714428,3.5809205223840195,0.9107211968810983,0.03272104572764452,0.852319356282722,0
2764639468,3.8436236731121864,0.797816197361445,0.05773102032378801,0.655791916899895,1
1173953943,3.416252234187592,0.7511704512054957,0.059305014156464095,0.8866654593962318,1
203059231,3.908940416939778,0.9195179777417039,0.05116533056183821,0.8221609024339684,1
2827049232,3.9427985401619408,0.874489475866235,0.04609518059744093,0.8127148430710142,0
1503570125,2.6920503336013484,0.7564234360819819,0.039642699524347555,0.6728630684546973,1
2131890276,2.7856428338196926,0.7593302418724173,0.06278904751296824,0.8761472217394785,0
663555159,3.570982324718637,0.8983569128277323,0.053368943537042884,0.6411055796291226,0
3246811753,3.7262894564126223,0.9251033112176372,0.06401681727904546,0.652167600991773,1
3580824505,2.6395146895499226,0.8703114436561167,0.037478519223514285,0.847351479111446,1
850441269,3.2290299222169874,0.7695108245277297,0.032328595298663845,0.7311701771149258,1
3731178621,3.7757302671398905,0.8611853228585862,0.03756763725077972,0.817123576901575,0
2839808740,2.5219990405143053,0.9143537305728872,0.04246322252523271,0.6075580381544812,0
3824682279,3.53451492546126,0.7248145158071384,0.04775917769488833,0.8915145164884101,1
3477154606,2.5378907242725406,0.9261548544938211,0.03968101079758004,0.8940014987636721,0
3662169027,3.8618809384570847,0.8744367898549676,0.059899837668121375,0.7499538705631577,1
730807108,3.620225101955344,0.8585249214928804,0.052664226913361485,0.6799813802131451,1
2657071484,2.5583316841407626,0.8667644960007281,0.03295553658717135,0.7885635406973145,0
3151801330,3.082336554265538,0.7380317607578899,0.06447592949238697,0.8077772948656711,1
1633869931,2.7187595916031078,0.8174501160085013,0.06272414701659085,0.8588502666631073,1
1447362574,3.5226898021381867,0.709646743587809,0.047350429785845555,0.8564038960533369,1
3704813750,3.053073097104007,0.8430726497543569,0.030894400624082392,0.8531018715668355,1
1685414671,2.884695635314029,0.8254453976972417,0.03400571239738718,0.6817950265217159,1
1118258658,3.3117179629151,0.894951704118699,0.05399958225025082,0.614763670996919,0
482249587,3.0475509206626783,0.9247554403006469,0.05382371123858044,0.8348608889263525,1
289214063,3.7604898178321213,0.7780488525294711,0.047833167898014936,0.8474725025895524,0
3977497816,3.2198020612576923,0.8320094051818956,0.041151285173829426,0.6062804346346227,0
1586871833,2.812359913655059,0.7106558082857524,0.04551912262080002,0.8037228987108792,0
1252197353,3.5623468304290338,0.909745537675932,0.03430329576042271,0.645916621893666,1
3556818347,3.6093512043538043,0.7486417250412711,0.05095230728963458,0.8917766504597332,1
3550809791,3.1779201232866363,0.7283994728774525,0.045951430419911274,0.6450325871852084,0
4004672028,3.598840301379782,0.9112317283919389,0.06858184361698563,0.6930823162994987,1
1638699257,3.181013651509925,0.8929627576305686,0.05674821916737611,0.8633892954088662,0
837812318,2.9463214755340226,0.796419682046047,0.0452676942034717,0.6676789657271127,0
1490495679,3.4127686890778604,0.9155744492099928,0.06519523113242731,0.7502059953044143,1
1411235669,3.810628502161774,0.7034484461698509,0.06978735577496606,0.8149139170218829,0
1947993938,2.8490858308561013,0.8189664835666275,0.055006870505619795,0.8223356135741289,1
3837452871,2.8960844810937236,0.8851920552379356,0.035263561157675684,0.6262382156480676,1
3717907597,3.722344487753751,0.7631808485799789,0.043099363229050704,0.7832227574235313,0
3311011626,3.038028042952994,0.7829100463465474,0.055430722499392265,0.6674481358543548,0
70906425,3.4109651582835054,0.7108043571472734,0.046745432651804884,0.8114776685159953,0
76351650,3.5828763541687123,0.847093942296229,0.06867192636467384,0.7614562728482193,1
452975617,3.1248316822502376,0.7986074951292678,0.050774597882407985,0.8074080202529339,1
3565571754,3.6823620591445145,0.8059403784920384,0.06606677067663887,0.89887410837867,1
3855467332,3.9076335785775913,0.8451956506921997,0.03374666456700219,0.6984356426421305,1
1862955831,2.9776146300681985,0.86808604687893,0.05924285390912755,0.6040371752151314,1
1749519898,3.9953671642463258,0.9172490099533803,0.06922417721245559,0.6438259475577244,1
2206838961,2.7619536736093577,0.7869535628924091,0.03456953060740196,0.8128731394419035,1
1204615401,3.1118273497165374,0.7338663206823727,0.04304693626488257,0.8080654827164551,1
826618367,2.700491270317894,0.8016504093128558,0.053395691560527786,0.6972370699607564,1
346244610,3.498572139826463,0.756953348935434,0.039671908000840944,0.7230596006342386,1
1806406795,3.669597447368172,0.7948666482999242,0.03547052483990012,0.7006853519318145,1
3367329688,3.762287115317507,0.9332740940603201,0.034768244005622305,0.7676997842587568,1
175085170,2.7098852395585147,0.8129271615531397,0.06143335790234258,0.6221079810940764,0
3051032922,3.85305956004395,0.7080488806981793,0.04177686503211326,0.8636173010831683,0
3178653353,3.635583017862286,0.7300111908212116,0.03566151588461604,0.7577555096791682,0
4119051947,3.1179681353352295,0.8085939113405851,0.0376036926910239,0.6497078455739078,0
3294979218,2.826799816699351,0.8990082505598936,0.048844560676554606,0.7141539956939325,1
424883175,2.999166135399972,0.8741061904840293,0.038675975259167716,0.8996025981764142,0
1583909527,3.3949120599492986,0.9057281235408416,0.04042900733526035,0.8490404590015677,0
3261381986,2.681290770026534,0.7379495865120007,0.060734383993166594,0.8435358549315861,1
2076278243,3.0367830272866687,0.7890696296547007,0.04200194065744274,0.8383556108067209,0
976845502,3.4047617248105553,0.7041511524180883,0.043778007844793944,0.7050129347644768,0
2638931628,3.8680067285043447,0.8037748568190933,0.05231905682386339,0.7638137791133714,1
2122918168,3.6491576335878646,0.8268887571090788,0.06400467269070059,0.6224647011061392,0
4009878206,3.756512399985892,0.7352281289358412,0.048042517125192016,0.7835390185080936,0
3717031786,3.7045544071377954,0.7946587374711679,0.039636339165542156,0.8304895561708077,1
1565949433,3.147423753543732,0.8822540717883542,0.06375293936304585,0.8143155159182369,1
337906077,3.4870862871855675,0.8194133904299086,0.05422684050585977,0.8785132831808519,0
107399768,3.3272856926510954,0.7403078631784188,0.06285002386813965,0.7369155176809794,1
3157666952,3.7792946821616358,0.9348790351693449,0.032076782222405203,0.7258962719272242,1
3449740501,3.35393405438172,0.7863898503729361,0.06713071350765935,0.7766701127844784,0
2785788178,3.737703377939945,0.8920693457150517,0.04670528977919937,0.8388900040620906,1
551689542,3.4657396717554816,0.7535341993063662,0.05805535927092429,0.8842242301867352,0
2447841786,2.973772669407877,0.7203013512878877,0.03216121271951049,0.8887206738837357,1
1409934274,3.244729907287655,0.8871034559775091,0.06297299991870525,0.8359097945786385,1
3623703355,3.7827127210412934,0.843356994907656,0.048626880372790504,0.6858277647632064,1
948246009,3.1568997718241896,0.9332869524208987,0.06391559722438583,0.8282229773902671,1
2004839247,3.02927230297048,0.716584864557079,0.049366215716583756,0.6033596735445829,0
1385806150,2.769985459714321,0.7340692562386096,0.05607351721634746,0.629136890291429,0
133886197,3.514599689309545,0.7507324321104198,0.04899185337718101,0.8440290328046586,1
1019350908,3.7092332413178477,0.8595846155853275,0.04243198570188371,0.6212397473135195,0
3801196974,2.7187158468875907,0.79276011675562,0.033833070368644975,0.8368122302649318,0
3196679902,3.446228628377019,0.9457677309958917,0.06835545456495919,0.825778107401695,0
3834088957,3.612483672006147,0.7304415514997429,0.06083870686904723,0.693065016297607,1
915078645,3.0656667863070974,0.7608652837038953,0.036335758168791775,0.7888005814603849,0
2743948772,3.5989407644629896,0.8650226212580208,0.05573913894171431,0.6456203768605145,0
1256054693,2.7263911550502797,0.7271097961058788,0.04718544499121062,0.7758834210910093,0
3759113280,3.7599292548071963,0.9112542597687914,0.03877445523204597,0.6498258220079552,1
2072097917,2.8808739824965963,0.7223852484086806,0.030809219670927743,0.8045909575945241,1
3566620928,2.5003799467862207,0.7719303269870873,0.03052592710365755,0.736882067934611,0
234149695,3.258482836789457,0.894574901780214,0.042172116816520236,0.8788850381973414,1
1808685337,2.8818710591985828,0.8584574921810657,0.05864656308522028,0.8324060963370192,1
1205220415,3.6539531408134733,0.9224218641985605,0.047859706545003794,0.8058378347307747,0
1026242446,3.5929576345502037,0.7921947098489796,0.053123709258797475,0.8272951589916304,0
1046190756,3.3309140535536432,0.7716509399172631,0.05318527953598763,0.7422476317435023,1
2801486598,3.3668597383423284,0.7720380758688611,0.045238941950196114,0.665274712328122,0
1464326008,3.504181987205458,0.7605253897794189,0.06378032577535045,0.6427544224729711,1
4126805240,2.6322856354952986,0.730706332425543,0.051231371470083865,0.6591300396400936,0
1412175936,2.940094640984458,0.942704611428423,0.04865807701895069,0.8030110400491077,0
4189493214,2.792676744665112,0.8766690875627055,0.035026864215565265,0.7398031207088638,0
3147988325,3.2893569750141225,0.757573406190391,0.05729020504007321,0.7845727350559977,1
3679083117,3.936489418297936,0.81760954840186,0.03238359721480856,0.6998970928958103,0
562548466,2.8739328847764587,0.882019408145563,0.06243917691410463,0.8313883106002733,1
819775594,3.797375180929681,0.871439008985689,0.050260417561604355,0.7724986753679484,0
2449977399,3.5063901901777728,0.7112418728334946,0.03604134753025447,0.8556640563047968,0
3344754055,2.6244014779472375,0.704524013557418,0.06811451771760614,0.7647106481894146,1
2227980683,2.5691983779847134,0.7758627007991257,0.03638994368726301,0.7093514268919682,0
1662835353,3.5532111031319773,0.8243696460346982,0.047500595857947775,0.8403167718399156,0
3089039249,2.6602813247053945,0.7487463005341343,0.05945996294336266,0.7873791310177207,0
3588727796,3.008387776483441,0.8315945764871794,0.0495753593041907,0.6489465145426048,0
470023089,2.8946250962335762,0.7799044653573445,0.033006385094948916,0.6161437110442092,0
1224097940,2.741079486087057,0.7249143433668114,0.04384464429423867,0.6440729243672965,0
1984318358,3.1022253660911896,0.7913518156562328,0.035022565671929115,0.8416412476530791,1
4065194524,3.668963549009049,0.8583256505803717,0.04101305765907723,0.8702006726801759,0
3749342655,2.953710311203864,0.7457397307632329,0.03010883292993857,0.7267896155846242,0
2942516646,2.8700668302098786,0.762408593689619,0.03430851874816666,0.8028294008618961,0
2642049472,3.0375574591910715,0.8326265029869352,0.05139437488089167,0.8121809122149689,0
2078178660,3.161912663056837,0.7863195434490791,0.04062798811045265,0.7244636264299303,0
3579168299,3.8949415668293126,0.9270022037020671,0.044298024871213953,0.7867262570117701,0
796253586,2.881566634398334,0.8814152365216161,0.05159479546696915,0.6489251310372024,1
3670859823,3.960842806418449,0.7125198852432856,0.06748592070286821,0.7203790395806103,0
3212273366,3.4518220371912367,0.7150008020544529,0.030808467441921276,0.7254713892117445,1
3097882300,3.2231922096359105,0.8093996435680157,0.06963428682651113,0.6207212896992814,1
380830292,2.672805978490351,0.7239055172242034,0.062328166315363254,0.6173605103450964,0
238318727,3.2075702665547885,0.7799771547405063,0.04291175637481931,0.7689176050037128,1
1009225834,2.5039571698168896,0.911650115514715,0.039660145999991195,0.7257404842483017,1
4075635546,3.7434270136655465,0.8356622727333457,0.0666121923892913,0.7743432306203035,0
154179561,3.785408428615091,0.8247756649782226,0.06361905379373486,0.81122547168957,0
1613203024,2.77608183448898,0.9366944806148625,0.03588485193003767,0.61825562144364,0
3956291495,2.9672700815953243,0.8767568938287253,0.05601701439872908,0.6074475627349605,0
3793509951,3.2663779546317344,0.7846428392981976,0.04279111370333782,0.7848069958851582,0
906493774,2.8463246277521903,0.7193719428502556,0.052095886821025436,0.6227610449078849,0
1836505096,3.099891609656367,0.8753156652177163,0.052073288577207125,0.6035811372431252,0
3856953906,3.769258800060469,0.7766360708578777,0.06499222953304282,0.6159661313117758,1
2949991433,2.6457361572628626,0.730349399928265,0.044209373954550726,0.6569462178344797,0
3282456153,2.7411421478818685,0.774530544229454,0.045290353148850056,0.6623237552107376,0
4125255,2.851948804702543,0.9037004732868283,0.031002238649799074,0.8661015161898451,0
4036803871,3.9761869289954808,0.7049610485630982,0.030535727812046387,0.8940193451414731,0
3800576759,2.668661778519779,0.800054519837323,0.06269012926943344,0.6941431976100103,1
1883372141,3.732026364233744,0.9289194014487128,0.06775940507538637,0.7477728296258557,0
517495703,3.250573729676697,0.9250679080176578,0.03729296177482571,0.8814327570350338,1
343409216,3.6349613258312727,0.8275328444167594,0.06472070205700292,0.6163681567378007,1
111515531,3.3784841005870954,0.7731470895778775,0.03892977550526254,0.820077916503409,0
1572941133,3.065130705218434,0.7279619689082,0.03245115540309062,0.6445544282562506,0
62308939,2.9850694536165134,0.8251223981917104,0.03306045398754879,0.711200003274544,0
2095012771,2.5919704686174825,0.8936900657659556,0.046258418113164626,0.6860606480908076,1
3323927351,2.819856694464044,0.7055251357878604,0.06760261969019421,0.6227959125702853,0
3833277446,2.5609213831552116,0.809404308404081,0.0301886204329488,0.6625954759372331,0
146743342,3.7654806533127916,0.7684184001654746,0.04597689586469983,0.6388391249563455,1
2707335627,3.7060604265923365,0.8294050852112519,0.04966564823161124,0.6888014578089537,1
647612843,2.523876799642259,0.7867432818770179,0.04776382032151373,0.8405368222559756,0
1992535914,3.9143586380688764,0.9300537060485183,0.035846607320107284,0.6803450920866654,1
4232925775,3.738107134958405,0.7065614869658804,0.03335312406876813,0.6657161392824644,1
1568300219,2.9025872964904,0.8961919597507322,0.038325391055817254,0.8479977597144709,1
3031332179,3.2598663782012154,0.927586161485422,0.06424864547183676,0.6939524296578142,1
796936424,3.787154374501897,0.9180858048859055,0.03765343294989685,0.6242217927281388,1
3357262463,3.083736603458642,0.8263250430572847,0.05147775274571099,0.6993484883626275,1
3314251680,3.428024343736859,0.848995824297289,0.05486238063408555,0.8564640693294163,0
1148963012,3.7205750828159996,0.9404854811166244,0.04643754232348049,0.6309351779707691,0
3419354439,2.7640997813809416,0.8272283343309381,0.06570899513674441,0.6961477572813036,1
4098333662,2.7706705757684107,0.942546798152335,0.06471446624543302,0.8842827229271004,0
2076261380,3.5243419467264543,0.8837386163865898,0.0469231534937517,0.6507425571747668,1
2151070772,3.9270695699595173,0.822455023260422,0.03140867688729411,0.8042363368823797,0
1446433285,3.965961058102609,0.8538696170096194,0.04540451583023822,0.6769088039106212,0
222035221,3.5716379245452616,0.8170841446697734,0.04210097137470074,0.7646399679180748,0
3682795302,3.654870264298885,0.9179537206246543,0.05933648915928093,0.818456314930049,1
845689703,3.8290680816907288,0.9199255698392699,0.039259204229221335,0.8917969452153193,0
2809116066,3.2065772591877115,0.7536737869307231,0.0642250013497113,0.8628779210393182,0
323630933,3.3828780774912683,0.7717234650292425,0.03245453622051565,0.8861476528892658,1
47971308,2.912386453572128,0.734244524655181,0.06892489564245964,0.7119629813325534,1
1978879353,3.3433710108595873,0.7885534765950489,0.06819519096221395,0.7581090638714354,1
4050030354,3.2121471151979812,0.869941217894816,0.030384791338154814,0.7505366263096118,0
1927275453,2.6811446152937375,0.7910135905985065,0.05789088728214557,0.7752767516961893,0
2012449456,3.626279909024033,0.706528872767551,0.050066621570187854,0.6236081351983542,1
1809265958,3.179188756440997,0.827956491487997,0.05380439475472449,0.8357886335927809,1
4161575619,3.7710675292904776,0.9357141995860917,0.04641298614634233,0.8438837314106759,0
1223343296,3.628987035352213,0.712120640784067,0.06824123829269213,0.6213988150111559,1
451688036,3.229393917562681,0.94565063067222,0.03715439307237943,0.7843955859310475,0
276930256,3.2197211149966556,0.9309378625597725,0.030798839664745455,0.8385376776393949,1
606379475,3.3129425902654295,0.7278311676353535,0.03580519214191881,0.6647339417160802,0
3097072751,3.59062047391258,0.8925249336810482,0.0659076351136112,0.6680827232585831,0
1433606561,2.8647778809590054,0.9181225500095983,0.03210492364709034,0.8334149525901882,1
3528838476,2.7626376770998853,0.9134705679954684,0.045873942619656084,0.772505194814832,1
28878464,2.5705306139083226,0.9328475711695559,0.05167923841695318,0.6697137525498369,0
1986685492,3.5071669111070403,0.8306535213780408,0.06962744776650431,0.7288540874238996,1
2969172665,2.641042046209902,0.7960671888402222,0.06000838135348889,0.6865248809055475,0
3104484457,3.4236371878407432,0.9330493109668185,0.03570916897453718,0.7032144985694755,1
1962994045,2.925774147770028,0.712836934790076,0.059060030307068155,0.8205333088580832,1
3807145253,2.6392848818835564,0.8546105547395234,0.04828157701169313,0.8826460285504549,0
2351734874,3.82151871745727,0.9158360938445543,0.0470370482744963,0.7126508747745663,0
3772969624,3.738633602675075,0.8350757694970206,0.0365940936128749,0.8971340032718982,0
3235420920,3.913378504376899,0.8598230429140984,0.06558601853267187,0.7404088194472526,0
1138485325,3.410718631107748,0.9211137278594945,0.04828488412378637,0.7868766043788434,1
1948177411,2.5053042327366524,0.8254400723646613,0.04272502024583993,0.7829424290256297,0
2617922974,2.9462493957233775,0.7424921555935845,0.05911972687014533,0.6247168180450604,0
2831948335,3.008579276110401,0.7272343910127688,0.0584362249803924,0.6730142137626404,0
176912132,3.5509848112871083,0.8502556047632532,0.04604832676631495,0.8659158921874356,1
986816958,3.010059843795525,0.8543321471478503,0.04030014599695488,0.652953194516784,1
442276004,3.1090755435782365,0.8637991400576687,0.03984987344723325,0.8119825449706188,0
3588184851,2.5494877558183546,0.8700891000952047,0.05844651726845049,0.8416693599234257,0
3943565885,3.804933332631027,0.7407623821879052,0.035678441914403586,0.8507942844684279,0
2012178718,3.3227070311774,0.7253754910520352,0.06144973101665002,0.8761971630327632,0
4043587432,3.817944323477665,0.9459477705275688,0.05380483027961584,0.7191379557506149,1
299747965,3.17143154714826,0.8819197827085588,0.044490480708027344,0.7081127958461102,1
3952370354,3.640589936224253,0.8350388741741477,0.059310244137852554,0.6811639075974343,0
4280178728,2.8278109018180757,0.7176648724945531,0.060097436052378515,0.8301491618659769,1
4174678887,3.2383011406180557,0.8390057665842268,0.050143449213916155,0.8783198514940834,1
3344542283,3.4878150898246743,0.7348437049611833,0.037972991624669175,0.7455215179364958,0
2576708487,3.8076669067433926,0.8500522330931457,0.04786568339104776,0.6658698419921207,1
4095667271,3.042562408096057,0.9283796328984744,0.041922576933279714,0.8742692981598974,1
1644523389,3.477083666549352,0.70897670140715,0.057123436099307506,0.8335689127246703,1
4075731392,3.9391213860217147,0.7063762415608901,0.06216030611304902,0.8037383622588352,1
3451333382,3.204328663684664,0.7978577216406837,0.044922007942679434,0.6341486220224812,0
1605996391,3.5236568147653684,0.8105527171747907,0.06987285330712842,0.8485107009208672,0
3403986819,2.5354208905087985,0.7866890569259875,0.06866542201658585,0.8370360036304583,0
1950914196,3.086243746611749,0.726543701823044,0.06841100756904431,0.6862191253217534,0
665338526,3.065725190275632,0.8102480432105117,0.05464540033474637,0.7198000689835008,0
2949263084,3.055801218313351,0.7426712784893845,0.04320872487061278,0.8853544538925037,1
3535664335,2.719591319321455,0.7026961860100469,0.04989841326433016,0.7413858793329857,0
1113341235,3.8224501035254166,0.7538005124413318,0.058011350751188226,0.6930870801832016,0
3365041724,3.1629462977684577,0.7065126970685057,0.032168417829793745,0.6228015443198145,0
3233107646,3.3995152633245063,0.9301004331172411,0.06250612842708123,0.6321365279238186,0
2403930355,3.104667562533689,0.7660265610067137,0.0611509699772259,0.645451985764735,0
1125608473,2.758647514481169,0.7418273212426046,0.06033919603257433,0.7701131408939208,0
1778005775,3.529916841087733,0.9490340627315497,0.042464679767400565,0.8588495827435877,1
1426763653,3.4556617459078645,0.9183844874079728,0.03542243427152421,0.8617634768400797,0
3661376451,3.0385120099589957,0.8400468644644836,0.0691680153299033,0.7974056983564208,1
1404697407,3.10449597423261,0.7479069807538876,0.058120809903549196,0.6406682856284395,0
4270676339,3.7526360724579284,0.7104063933964088,0.03596185942663955,0.8997242544840651,0
2935642199,3.305758204819899,0.8845036676919484,0.03736984982157833,0.8759910306950895,1
2785956397,3.9203873499323496,0.9290683817718833,0.04289082775545479,0.8139631205922038,0
3812726362,3.7872565835810095,0.7513490657010804,0.055442513692996735,0.745422556116919,1
3760077144,2.9472743254960485,0.9332500344178793,0.06728929933703272,0.896198778239726,0
4138083658,3.0913568403629377,0.922436625224143,0.05055173969913228,0.7207507492968473,1
3939834353,3.5430382967671696,0.9193485901784634,0.0536990849116131,0.6670491563772352,1
3206875163,3.2523347871037753,0.9031396572648617,0.030721548823787213,0.785964100308381,0
2303125705,2.6684089391811634,0.8855633594384689,0.060996969846471336,0.7660714316458974,1
1823541520,2.9291529864800947,0.7098155846151695,0.047418106885407936,0.6698809252004503,1
3479168199,3.1484687949820414,0.8026066700783466,0.046766404801388196,0.8428879502126726,1
253202463,2.5923529683080444,0.8904415332865253,0.05480622757445408,0.833636267717896,1
1891004095,3.6651886021803977,0.8190816233398773,0.03056571616841748,0.7170477210948734,1
3531561800,3.0640447355379887,0.8706619042241543,0.03242502627300321,0.7127290907159718,0
1421355312,3.0984668976855154,0.8900432842037719,0.052805508621587546,0.6187403166760967,0
2645226468,2.5564291581890863,0.9057781395484872,0.05792576446751291,0.8302710188771616,1
3947694848,3.764041005749129,0.8106549756019138,0.06943400084259697,0.8581134660466924,1
3298197695,3.2332793288321096,0.8990177664705772,0.0666456503912826,0.7340898416115229,0
1808854966,3.0217456849096047,0.9282894019063443,0.04539434983008636,0.7066054467677753,1
3294737326,2.6441514471279115,0.7407195516289664,0.04928781009008301,0.8633791350819253,0
2054567996,3.8084700808069467,0.8257903078773269,0.05539752702787458,0.7175490985334925,1
3527948528,3.2338684136530356,0.7961001850030748,0.0396720620793042,0.7382659227361209,0
1675406806,3.07756347156385,0.9115418293411668,0.045250252848220394,0.6428128368248661,1
4142838994,3.503311749751481,0.8020118745212904,0.03509308354872587,0.8222960505441225,1
5098220,3.0216156023222465,0.7015821228257696,0.06901151292290723,0.7487074340555127,1
2141963210,3.8766668266677162,0.7309828323620094,0.03592264831795558,0.8675992511595908,1
3381517535,3.3266961998354736,0.9180222593204596,0.046989126894994106,0.7139255150480521,1
2871341316,3.9067003137908745,0.886423505144629,0.06888175634739355,0.8737049239412185,1
2861329383,2.5358647083321033,0.8651854348224278,0.060163721202346684,0.7616150789635612,1
1970748830,3.8153596821169673,0.9066607320072196,0.05555757977169642,0.6324851300294484,0
2159700763,3.5214439020687163,0.7641214713564685,0.03047253418111689,0.7418794979661298,0
3044403289,3.2093344611020123,0.7010581906816352,0.06821196658466634,0.7240882475829133,1
2343427787,3.73545036069771,0.7281631052405321,0.05443472374455144,0.6585415366972334,0
1578699367,3.128077029908508,0.7968371762531883,0.0347218315781052,0.8381038715097437,0
3215545324,3.848966953247406,0.7952715008398255,0.045565950037008626,0.8918504461955028,1
2783866918,3.108234620189715,0.724747043796901,0.0398822524856064,0.7142500773007164,0
1591488182,3.600996453159092,0.8175904651427396,0.052506836070417756,0.8922788818360226,0
1317802583,3.606838373197923,0.8940505064798787,0.053604745686854964,0.6668436092670814,0
580018723,3.2594625531641093,0.706361426506129,0.06461284888265839,0.7807182763047945,0
2420401874,3.8148808375802696,0.7741617136242711,0.048569634335872205,0.8705018738557263,1
652969896,2.8091979243243914,0.9420543409028435,0.043162118597630625,0.6052799967544894,0
3169954054,3.5394327377054378,0.8696749505510346,0.067678147602135,0.820880743603033,0
435690768,3.339602702314269,0.776190828009593,0.043554664037447025,0.8208447676969384,0
278220996,3.320445745838501,0.8388575673683233,0.0435125494140037,0.7260115972174696,0
